{
	"textures": {
		"texture1": "block/light_gray_concrete_powder",
		"particle": "block/stone_bricks",
		"texture": "block/black_concrete",
		"texture2": "block/purple_concrete_powder",
		"texture3": "block/white_concrete",
		"texture4": "block/stone"
	},
	"elements": [
		{
			"__comment": "Cube9",
			"from": [ 3, -0.5, 2 ],
			"to": [ 11, 3.5, 3 ],
			"faces": {
				"down": { "uv": [ 3, 13, 11, 14 ], "texture": "#texture1" },
				"up": { "uv": [ 3, 2, 11, 3 ], "texture": "#texture1" },
				"north": { "uv": [ 5, 12.5, 13, 16 ], "texture": "#texture1" },
				"south": { "uv": [ 3, 12.5, 11, 16 ], "texture": "#texture1" },
				"west": { "uv": [ 2, 12.5, 3, 16 ], "texture": "#texture1" },
				"east": { "uv": [ 13, 12.5, 14, 16 ], "texture": "#texture1" }
			}
		},
		{
			"__comment": "Cube9",
			"from": [ 6.5, -0.5, 1.5 ],
			"to": [ 7.5, 0.5, 2.5 ],
			"faces": {
				"down": { "uv": [ 6.5, 13.5, 7.5, 14.5 ], "texture": "#texture1" },
				"up": { "uv": [ 6.5, 1.5, 7.5, 2.5 ], "texture": "#texture1" },
				"north": { "uv": [ 8.5, 15.5, 9.5, 16 ], "texture": "#texture1" },
				"south": { "uv": [ 6.5, 15.5, 7.5, 16 ], "texture": "#texture1" },
				"west": { "uv": [ 1.5, 15.5, 2.5, 16 ], "texture": "#texture1" },
				"east": { "uv": [ 13.5, 15.5, 14.5, 16 ], "texture": "#texture1" }
			}
		},
		{
			"__comment": "Cube9",
			"from": [ 6, 0.5, 1.5 ],
			"to": [ 8, 1, 2.5 ],
			"faces": {
				"down": { "uv": [ 13.5, 15, 14.5, 16 ], "texture": "#particle", "rotation": 90 },
				"up": { "uv": [ 2.5, 16, 1.5, 15 ], "texture": "#particle", "rotation": 270 },
				"north": { "uv": [ 8.5, 15, 9.5, 16 ], "texture": "#particle", "rotation": 270 },
				"south": { "uv": [ 6.5, 15, 7.5, 16 ], "texture": "#particle", "rotation": 90 },
				"west": { "uv": [ 6.5, 13.5, 7.5, 14.5 ], "texture": "#particle", "rotation": 90 },
				"east": { "uv": [ 7.5, 2.5, 6.5, 1.5 ], "texture": "#particle", "rotation": 270 }
			}
		},
		{
			"__comment": "Cube9",
			"from": [ 6, 1, 1.5 ],
			"to": [ 8, 1.5, 2.5 ],
			"faces": {
				"down": { "uv": [ 13.5, 15, 14.5, 16 ], "texture": "#particle", "rotation": 90 },
				"up": { "uv": [ 2.5, 16, 1.5, 15 ], "texture": "#particle", "rotation": 270 },
				"north": { "uv": [ 8.5, 15, 9.5, 16 ], "texture": "#particle", "rotation": 270 },
				"south": { "uv": [ 6.5, 15, 7.5, 16 ], "texture": "#particle", "rotation": 90 },
				"west": { "uv": [ 6.5, 13.5, 7.5, 14.5 ], "texture": "#particle", "rotation": 90 },
				"east": { "uv": [ 7.5, 2.5, 6.5, 1.5 ], "texture": "#particle", "rotation": 270 }
			}
		},
		{
			"__comment": "Cube9",
			"from": [ 6.25, 1, 1.45 ],
			"to": [ 6.4, 1.25, 1.6 ],
			"faces": {
				"down": { "uv": [ 6.25, 14.4, 6.4, 14.55 ], "texture": "#texture3" },
				"up": { "uv": [ 6.25, 1.45, 6.4, 1.6 ], "texture": "#texture3" },
				"north": { "uv": [ 9.6, 14.75, 9.75, 15 ], "texture": "#texture3" },
				"south": { "uv": [ 6.25, 14.75, 6.4, 15 ], "texture": "#texture3" },
				"west": { "uv": [ 1.45, 14.75, 1.6, 15 ], "texture": "#texture3" },
				"east": { "uv": [ 14.4, 14.75, 14.55, 15 ], "texture": "#texture3" }
			}
		},
		{
			"__comment": "Cube9",
			"from": [ 7.5, 1, 1.45 ],
			"to": [ 7.65, 1.25, 1.6 ],
			"faces": {
				"down": { "uv": [ 7.5, 14.4, 7.65, 14.55 ], "texture": "#texture3" },
				"up": { "uv": [ 7.5, 1.45, 7.65, 1.6 ], "texture": "#texture3" },
				"north": { "uv": [ 8.35, 14.75, 8.5, 15 ], "texture": "#texture3" },
				"south": { "uv": [ 7.5, 14.75, 7.65, 15 ], "texture": "#texture3" },
				"west": { "uv": [ 1.45, 14.75, 1.6, 15 ], "texture": "#texture3" },
				"east": { "uv": [ 14.4, 14.75, 14.55, 15 ], "texture": "#texture3" }
			}
		},
		{
			"__comment": "Cube9",
			"from": [ 6, 2.5, 1.5 ],
			"to": [ 8, 4.5, 2.5 ],
			"faces": {
				"down": { "uv": [ 6, 13.5, 8, 14.5 ], "texture": "#texture4" },
				"up": { "uv": [ 6, 1.5, 8, 2.5 ], "texture": "#texture4" },
				"north": { "uv": [ 8, 11.5, 10, 13.5 ], "texture": "#texture4" },
				"south": { "uv": [ 6, 11.5, 8, 13.5 ], "texture": "#texture4" },
				"west": { "uv": [ 1.5, 11.5, 2.5, 13.5 ], "texture": "#texture4" },
				"east": { "uv": [ 13.5, 11.5, 14.5, 13.5 ], "texture": "#texture4" }
			}
		},
		{
			"__comment": "Cube9",
			"from": [ 6.5, 2.5, 1.25 ],
			"to": [ 7.5, 4.5, 1.5 ],
			"faces": {
				"down": { "uv": [ 6.5, 14.5, 7.5, 14.75 ], "texture": "#texture1" },
				"up": { "uv": [ 6.5, 1.25, 7.5, 1.5 ], "texture": "#texture1" },
				"north": { "uv": [ 8.5, 11.5, 9.5, 13.5 ], "texture": "#texture1" },
				"south": { "uv": [ 6.5, 11.5, 7.5, 13.5 ], "texture": "#texture1" },
				"west": { "uv": [ 1.25, 11.5, 1.5, 13.5 ], "texture": "#texture1" },
				"east": { "uv": [ 14.5, 11.5, 14.75, 13.5 ], "texture": "#texture1" }
			}
		},
		{
			"__comment": "Cube9",
			"from": [ 3, 3.5, 1.75 ],
			"to": [ 6, 4.5, 3 ],
			"faces": {
				"down": { "uv": [ 3, 13, 6, 14.25 ], "texture": "#texture1" },
				"up": { "uv": [ 3, 1.75, 6, 3 ], "texture": "#texture1" },
				"north": { "uv": [ 10, 11.5, 13, 12.5 ], "texture": "#texture1" },
				"south": { "uv": [ 3, 11.5, 6, 12.5 ], "texture": "#texture1" },
				"west": { "uv": [ 1.75, 11.5, 3, 12.5 ], "texture": "#texture1" },
				"east": { "uv": [ 13, 11.5, 14.25, 12.5 ], "texture": "#texture1" }
			}
		},
		{
			"__comment": "Cube9",
			"from": [ 8, 3.5, 1.75 ],
			"to": [ 11, 4.5, 3 ],
			"faces": {
				"down": { "uv": [ 8, 13, 11, 14.25 ], "texture": "#texture1" },
				"up": { "uv": [ 8, 1.75, 11, 3 ], "texture": "#texture1" },
				"north": { "uv": [ 5, 11.5, 8, 12.5 ], "texture": "#texture1" },
				"south": { "uv": [ 8, 11.5, 11, 12.5 ], "texture": "#texture1" },
				"west": { "uv": [ 1.75, 11.5, 3, 12.5 ], "texture": "#texture1" },
				"east": { "uv": [ 13, 11.5, 14.25, 12.5 ], "texture": "#texture1" }
			}
		},
		{
			"__comment": "Cube9",
			"from": [ 3, 4.5, 2 ],
			"to": [ 3.5, 6, 3 ],
			"faces": {
				"down": { "uv": [ 3, 13, 3.5, 14 ], "texture": "#texture1" },
				"up": { "uv": [ 3, 2, 3.5, 3 ], "texture": "#texture1" },
				"north": { "uv": [ 12.5, 10, 13, 11.5 ], "texture": "#texture1" },
				"south": { "uv": [ 3, 10, 3.5, 11.5 ], "texture": "#texture1" },
				"west": { "uv": [ 2, 10, 3, 11.5 ], "texture": "#texture1" },
				"east": { "uv": [ 13, 10, 14, 11.5 ], "texture": "#texture1" }
			}
		},
		{
			"__comment": "Cube9",
			"from": [ 10.5, 4.5, 2 ],
			"to": [ 11, 6, 3 ],
			"faces": {
				"down": { "uv": [ 10.5, 13, 11, 14 ], "texture": "#texture1" },
				"up": { "uv": [ 10.5, 2, 11, 3 ], "texture": "#texture1" },
				"north": { "uv": [ 5, 10, 5.5, 11.5 ], "texture": "#texture1" },
				"south": { "uv": [ 10.5, 10, 11, 11.5 ], "texture": "#texture1" },
				"west": { "uv": [ 2, 10, 3, 11.5 ], "texture": "#texture1" },
				"east": { "uv": [ 13, 10, 14, 11.5 ], "texture": "#texture1" }
			}
		},
		{
			"__comment": "Cube9",
			"from": [ 6, 4.5, 1.75 ],
			"to": [ 8, 6, 2.75 ],
			"faces": {
				"down": { "uv": [ 6, 13.25, 8, 14.25 ], "texture": "#texture1" },
				"up": { "uv": [ 6, 1.75, 8, 2.75 ], "texture": "#texture1" },
				"north": { "uv": [ 8, 10, 10, 11.5 ], "texture": "#texture1" },
				"south": { "uv": [ 6, 10, 8, 11.5 ], "texture": "#texture1" },
				"west": { "uv": [ 1.75, 10, 2.75, 11.5 ], "texture": "#texture1" },
				"east": { "uv": [ 13.25, 10, 14.25, 11.5 ], "texture": "#texture1" }
			}
		},
		{
			"__comment": "Cube9",
			"from": [ 3, 6, 2 ],
			"to": [ 11, 7.5, 3 ],
			"faces": {
				"down": { "uv": [ 3, 13, 11, 14 ], "texture": "#texture1" },
				"up": { "uv": [ 3, 2, 11, 3 ], "texture": "#texture1" },
				"north": { "uv": [ 5, 8.5, 13, 10 ], "texture": "#texture1" },
				"south": { "uv": [ 3, 8.5, 11, 10 ], "texture": "#texture1" },
				"west": { "uv": [ 2, 8.5, 3, 10 ], "texture": "#texture1" },
				"east": { "uv": [ 13, 8.5, 14, 10 ], "texture": "#texture1" }
			}
		},
		{
			"__comment": "Cube9",
			"from": [ 3.5, 5.75, 1.75 ],
			"to": [ 4.5, 6.1, 3 ],
			"faces": {
				"down": { "uv": [ 3.5, 13, 4.5, 14.25 ], "texture": "#texture1" },
				"up": { "uv": [ 3.5, 1.75, 4.5, 3 ], "texture": "#texture1" },
				"north": { "uv": [ 11.5, 9.9, 12.5, 10.25 ], "texture": "#texture1" },
				"south": { "uv": [ 3.5, 9.9, 4.5, 10.25 ], "texture": "#texture1" },
				"west": { "uv": [ 1.75, 9.9, 3, 10.25 ], "texture": "#texture1" },
				"east": { "uv": [ 13, 9.9, 14.25, 10.25 ], "texture": "#texture1" }
			}
		},
		{
			"__comment": "Cube9",
			"from": [ 4.5, 5.5, 1.75 ],
			"to": [ 6, 6, 3.25 ],
			"faces": {
				"down": { "uv": [ 4.5, 12.75, 6, 14.25 ], "texture": "#texture1" },
				"up": { "uv": [ 4.5, 1.75, 6, 3.25 ], "texture": "#texture1" },
				"north": { "uv": [ 10, 10, 11.5, 10.5 ], "texture": "#texture1" },
				"south": { "uv": [ 4.5, 10, 6, 10.5 ], "texture": "#texture1" },
				"west": { "uv": [ 1.75, 10, 3.25, 10.5 ], "texture": "#texture1" },
				"east": { "uv": [ 12.75, 10, 14.25, 10.5 ], "texture": "#texture1" }
			}
		},
		{
			"__comment": "Cube9",
			"from": [ 9.5, 5.75, 1.75 ],
			"to": [ 10.5, 6.1, 2.75 ],
			"faces": {
				"down": { "uv": [ 9.5, 13.25, 10.5, 14.25 ], "texture": "#texture1" },
				"up": { "uv": [ 9.5, 1.75, 10.5, 2.75 ], "texture": "#texture1" },
				"north": { "uv": [ 5.5, 9.9, 6.5, 10.25 ], "texture": "#texture1" },
				"south": { "uv": [ 9.5, 9.9, 10.5, 10.25 ], "texture": "#texture1" },
				"west": { "uv": [ 1.75, 9.9, 2.75, 10.25 ], "texture": "#texture1" },
				"east": { "uv": [ 13.25, 9.9, 14.25, 10.25 ], "texture": "#texture1" }
			}
		},
		{
			"__comment": "Cube9",
			"from": [ 8, 5.5, 1.75 ],
			"to": [ 9.5, 6, 2.75 ],
			"faces": {
				"down": { "uv": [ 8, 13.25, 9.5, 14.25 ], "texture": "#texture1" },
				"up": { "uv": [ 8, 1.75, 9.5, 2.75 ], "texture": "#texture1" },
				"north": { "uv": [ 6.5, 10, 8, 10.5 ], "texture": "#texture1" },
				"south": { "uv": [ 8, 10, 9.5, 10.5 ], "texture": "#texture1" },
				"west": { "uv": [ 1.75, 10, 2.75, 10.5 ], "texture": "#texture1" },
				"east": { "uv": [ 13.25, 10, 14.25, 10.5 ], "texture": "#texture1" }
			}
		},
		{
			"__comment": "Cube9",
			"from": [ 6.4, 5, 1.25 ],
			"to": [ 7.65, 6.5, 2.25 ],
			"faces": {
				"down": { "uv": [ 6.4, 13.75, 7.65, 14.75 ], "texture": "#texture4" },
				"up": { "uv": [ 6.4, 1.25, 7.65, 2.25 ], "texture": "#texture4" },
				"north": { "uv": [ 8.35, 9.5, 9.6, 11 ], "texture": "#texture4" },
				"south": { "uv": [ 6.4, 9.5, 7.65, 11 ], "texture": "#texture4" },
				"west": { "uv": [ 1.25, 9.5, 2.25, 11 ], "texture": "#texture4" },
				"east": { "uv": [ 13.75, 9.5, 14.75, 11 ], "texture": "#texture4" }
			}
		},
		{
			"__comment": "Cube9",
			"from": [ 6.5, 6.5, 1.5 ],
			"to": [ 7.5, 7.5, 2 ],
			"faces": {
				"down": { "uv": [ 6.25, 13.75, 7.75, 14.75 ], "texture": "#texture4" },
				"up": { "uv": [ 6.25, 1.25, 7.75, 2.25 ], "texture": "#texture4" },
				"north": { "uv": [ 8.25, 8, 9.75, 9.5 ], "texture": "#texture4" },
				"south": { "uv": [ 6.25, 8, 7.75, 9.5 ], "texture": "#texture4" },
				"west": { "uv": [ 1.25, 8, 2.25, 9.5 ], "texture": "#texture4" },
				"east": { "uv": [ 13.75, 8, 14.75, 9.5 ], "texture": "#texture4" }
			}
		},
		{
			"__comment": "Cube9",
			"from": [ 3, 4.5, 2.5 ],
			"to": [ 11, 6, 2.501 ],
			"faces": {
				"down": { "uv": [ 3, 13.499, 11, 13.5 ], "texture": "#texture" },
				"up": { "uv": [ 3, 2.5, 11, 2.501 ], "texture": "#texture" },
				"north": { "uv": [ 5, 10, 13, 11.5 ], "texture": "#texture" },
				"south": { "uv": [ 3, 10, 11, 11.5 ], "texture": "#texture" },
				"west": { "uv": [ 2.5, 10, 2.501, 11.5 ], "texture": "#texture" },
				"east": { "uv": [ 13.499, 10, 13.5, 11.5 ], "texture": "#texture" }
			}
		}
	],
	"display": {
		"thirdperson_righthand": {
			"rotation":  [ 0, 153, 0 ],
			"translation":  [ 0, 7.6521, -6.26 ]
		},
		"thirdperson_lefthand": {
			"rotation":  [ 0, 153, 0 ],
			"translation":  [ 0, 7.6521, -6.26 ]
		},
		"firstperson_righthand": {
			"rotation":  [ -22, 166, 7 ],
			"translation":  [ -1.391, 4.1739, -9.043 ]
		},
		"firstperson_lefthand": {
			"rotation":  [ -22, 166, 7 ],
			"translation":  [ -1.391, 4.1739, -9.043 ]
		},
		"gui": {
			"rotation":  [ 0, 180, 0 ],
			"translation":  [ -1.9, 8.55, 0 ],
			"scale":  [ 1.9, 1.9, 1.9 ]
		},
		"head": {
			"translation":  [ 1.8, 8.1, 2.3 ],
			"scale":  [ 1.8, 1.797, 1.9 ]
		},
		"ground": {
			"rotation":  [ 90, 0, 0 ],
			"translation":  [ 2.5801, -15.08, 9.0434 ],
			"scale":  [ 2, 2, 2 ]
		},
		"fixed": {
			"translation":  [ 2.5, 11.5, 13.5 ],
			"scale":  [ 2.5, 2.5, 2.5 ]
		}
	}
}